"Lambda","Threshold","Accuracy","Precision","Recall","F1","Kappa","AUC","AnomPrecision","AnomRecall","AnomF1
0.01,0.049999999999999156,0.6898550724637681,0.7866013071895426,0.7248717948717949,0.6801819363222872,0.4161328588374851,0.7248717948717949,0.5843137254901961,0.9933333333333333,0.7358024691358025
0.001,0.5999999999999996,0.8869565217391304,0.8923800850030359,0.8976923076923077,0.8868195927019457,0.7756939234808702,0.8976923076923077,0.8032786885245902,0.98,0.882882882882883
0.0001,0.95,0.8869565217391304,0.8923800850030359,0.8976923076923077,0.8868195927019457,0.7756939234808702,0.8976923076923077,0.8032786885245902,0.98,0.882882882882883
1e-05,0.975,0.8782608695652174,0.8807273094260917,0.8869230769230769,0.8779645600323407,0.7575301204819277,0.8869230769230769,0.8033707865168539,0.9533333333333334,0.8719512195121952
1e-06,0.975,0.8782608695652174,0.8807273094260917,0.8869230769230769,0.8779645600323407,0.7575301204819277,0.8869230769230769,0.8033707865168539,0.9533333333333334,0.8719512195121952
1e-07,0.975,0.8782608695652174,0.8807273094260917,0.8869230769230769,0.8779645600323407,0.7575301204819277,0.8869230769230769,0.8033707865168539,0.9533333333333334,0.8719512195121952
