"Lambda","Threshold","F1"
0.01,0.049999999999999156,0.6801819363222872
0.001,0.5999999999999996,0.8868195927019457
0.0001,0.95,0.8868195927019457
1e-05,0.975,0.8779645600323407
1e-06,0.975,0.8779645600323407
1e-07,0.975,0.8779645600323407
