"Lambda","Threshold","F1"
0.01,0.049999999999999156,0.7926541689797353
0.001,0.6499999999999997,0.8731360316494218
0.0001,0.95,0.8619467508896288
1e-05,0.975,0.8551968864468865
1e-06,0.975,0.8551968864468865
1e-07,0.975,0.8551968864468865
