"Lambda","Threshold","Accuracy","Precision","Recall","F1","Kappa","AUC
0.01,0.07499999999999918,0.8594202898550725,0.8664102564102565,0.8602248569435924,0.8589221763883824,0.7192651314961621,0.8602248569435925
0.001,0.6749999999999997,0.8594202898550725,0.8594871794871795,0.8564376573079889,0.8576475367472685,0.7153973721137901,0.856437657307989
0.0001,0.975,0.8579710144927536,0.8651282051282052,0.8589915966386554,0.8574920969441517,0.7164779874213837,0.8589915966386554
1e-05,0.975,0.8449275362318841,0.8424358974358974,0.8421756100060638,0.8423039051303027,0.6846084839164424,0.8421756100060637
1e-06,0.975,0.8449275362318841,0.8424358974358974,0.8421756100060638,0.8423039051303027,0.6846084839164424,0.8421756100060637
1e-07,0.975,0.8449275362318841,0.8424358974358974,0.8421756100060638,0.8423039051303027,0.6846084839164424,0.8421756100060637
