"Lambda","Threshold","F1"
0.01,0.07499999999999918,0.8589221763883824
0.001,0.6749999999999997,0.8576475367472685
0.0001,0.975,0.8574920969441517
1e-05,0.975,0.8423039051303027
1e-06,0.975,0.8423039051303027
1e-07,0.975,0.8423039051303027
