"Lambda","Threshold","Accuracy","Precision","Recall","F1","Kappa","AUC","AnomPrecision","AnomRecall","AnomF1
0.01,0.049999999999999156,0.8369565217391305,0.8494278430545705,0.8505769230769231,0.8369495867026481,0.6788307577732267,0.8505769230769231,0.7431906614785992,0.955,0.835886214442013
0.001,0.6999999999999997,0.8347826086956521,0.8367130750605327,0.8423076923076923,0.8343316400030328,0.6706857573474001,0.8423076923076922,0.7627118644067796,0.9,0.8256880733944953
0.0001,0.95,0.8304347826086956,0.8294001966568338,0.835,0.8295033358042995,0.6600985221674878,0.8350000000000001,0.7699115044247787,0.87,0.8169014084507041
1e-05,0.975,0.8304347826086956,0.8294001966568338,0.835,0.8295033358042995,0.6600985221674878,0.8350000000000001,0.7699115044247787,0.87,0.8169014084507041
1e-06,0.975,0.8304347826086956,0.8294001966568338,0.835,0.8295033358042995,0.6600985221674878,0.8350000000000001,0.7699115044247787,0.87,0.8169014084507041
1e-07,0.975,0.8304347826086956,0.8294001966568338,0.835,0.8295033358042995,0.6600985221674878,0.8350000000000001,0.7699115044247787,0.87,0.8169014084507041
