"Lambda","Threshold","F1"
0.01,0.049999999999999156,0.8369495867026481
0.001,0.6999999999999997,0.8343316400030328
0.0001,0.95,0.8295033358042995
1e-05,0.975,0.8295033358042995
1e-06,0.975,0.8295033358042995
1e-07,0.975,0.8295033358042995
